{"parent":"item/generated","textures":{"layer0":"item/crossbow_standby"},"display":{"thirdperson_righthand":{"rotation":[-90,0,-60],"translation":[2,0.1,-3],"scale":[0.9,0.9,0.9]},"thirdperson_lefthand":{"rotation":[-90,0,30],"translation":[2,0.1,-3],"scale":[0.9,0.9,0.9]},"firstperson_righthand":{"rotation":[-90,0,-55],"translation":[1.13,3.2,1.13],"scale":[0.68,0.68,0.68]},"firstperson_lefthand":{"rotation":[-90,0,35],"translation":[1.13,3.2,1.13],"scale":[0.68,0.68,0.68]}},"overrides":[{"predicate":{"pulling":1},"model":"item/crossbow_pulling_0"},{"predicate":{"pulling":1,"pull":0.58},"model":"item/crossbow_pulling_1"},{"predicate":{"pulling":1,"pull":1.0},"model":"item/crossbow_pulling_2"},{"predicate":{"charged":1},"model":"item/crossbow_arrow"},{"predicate":{"charged":1,"firework":1},"model":"item/crossbow_firework"},{"predicate":{"custom_model_data":0},"model":"randomrush:ia_auto_gen/default_crossbow"},{"predicate":{"pulling":1,"custom_model_data":0},"model":"randomrush:ia_auto_gen/default_crossbow_0"},{"predicate":{"pulling":1,"pull":0.58,"custom_model_data":0},"model":"randomrush:ia_auto_gen/default_crossbow_1"},{"predicate":{"pulling":1,"pull":1.0,"custom_model_data":0},"model":"randomrush:ia_auto_gen/default_crossbow_2"},{"predicate":{"charged":1,"custom_model_data":0},"model":"randomrush:ia_auto_gen/default_crossbow_charged"},{"predicate":{"charged":1,"firework":1,"custom_model_data":0},"model":"randomrush:ia_auto_gen/default_crossbow_firework"},{"predicate":{"custom_model_data":1},"model":"randomrush:ia_auto_gen/stwuqi_xiumunu"},{"predicate":{"pulling":1,"custom_model_data":1},"model":"randomrush:ia_auto_gen/stwuqi_xiumunu_0"},{"predicate":{"pulling":1,"pull":0.58,"custom_model_data":1},"model":"randomrush:ia_auto_gen/stwuqi_xiumunu_1"},{"predicate":{"pulling":1,"pull":1.0,"custom_model_data":1},"model":"randomrush:ia_auto_gen/stwuqi_xiumunu_2"},{"predicate":{"charged":1,"custom_model_data":1},"model":"randomrush:ia_auto_gen/stwuqi_xiumunu_charged"},{"predicate":{"charged":1,"firework":1,"custom_model_data":1},"model":"randomrush:ia_auto_gen/stwuqi_xiumunu_firework"},{"predicate":{"custom_model_data":2},"model":"randomrush:ia_auto_gen/stwuqi_qingnu"},{"predicate":{"pulling":1,"custom_model_data":2},"model":"randomrush:ia_auto_gen/stwuqi_qingnu_0"},{"predicate":{"pulling":1,"pull":0.58,"custom_model_data":2},"model":"randomrush:ia_auto_gen/stwuqi_qingnu_1"},{"predicate":{"pulling":1,"pull":1.0,"custom_model_data":2},"model":"randomrush:ia_auto_gen/stwuqi_qingnu_2"},{"predicate":{"charged":1,"custom_model_data":2},"model":"randomrush:ia_auto_gen/stwuqi_qingnu_charged"},{"predicate":{"charged":1,"firework":1,"custom_model_data":2},"model":"randomrush:ia_auto_gen/stwuqi_qingnu_firework"},{"predicate":{"custom_model_data":3},"model":"randomrush:ia_auto_gen/stwuqi_chongnu"},{"predicate":{"pulling":1,"custom_model_data":3},"model":"randomrush:ia_auto_gen/stwuqi_chongnu_0"},{"predicate":{"pulling":1,"pull":0.58,"custom_model_data":3},"model":"randomrush:ia_auto_gen/stwuqi_chongnu_1"},{"predicate":{"pulling":1,"pull":1.0,"custom_model_data":3},"model":"randomrush:ia_auto_gen/stwuqi_chongnu_2"},{"predicate":{"charged":1,"custom_model_data":3},"model":"randomrush:ia_auto_gen/stwuqi_chongnu_charged"},{"predicate":{"charged":1,"firework":1,"custom_model_data":3},"model":"randomrush:ia_auto_gen/stwuqi_chongnu_firework"},{"predicate":{"custom_model_data":4},"model":"randomrush:ia_auto_gen/stwuqi_honglianyehuo"},{"predicate":{"pulling":1,"custom_model_data":4},"model":"randomrush:ia_auto_gen/stwuqi_honglianyehuo_0"},{"predicate":{"pulling":1,"pull":0.58,"custom_model_data":4},"model":"randomrush:ia_auto_gen/stwuqi_honglianyehuo_1"},{"predicate":{"pulling":1,"pull":1.0,"custom_model_data":4},"model":"randomrush:ia_auto_gen/stwuqi_honglianyehuo_2"},{"predicate":{"charged":1,"custom_model_data":4},"model":"randomrush:ia_auto_gen/stwuqi_honglianyehuo_charged"},{"predicate":{"charged":1,"firework":1,"custom_model_data":4},"model":"randomrush:ia_auto_gen/stwuqi_honglianyehuo_firework"},{"predicate":{"custom_model_data":5},"model":"randomrush:ia_auto_gen/stwuqi_longjigunu"},{"predicate":{"pulling":1,"custom_model_data":5},"model":"randomrush:ia_auto_gen/stwuqi_longjigunu_0"},{"predicate":{"pulling":1,"pull":0.58,"custom_model_data":5},"model":"randomrush:ia_auto_gen/stwuqi_longjigunu_1"},{"predicate":{"pulling":1,"pull":1.0,"custom_model_data":5},"model":"randomrush:ia_auto_gen/stwuqi_longjigunu_2"},{"predicate":{"charged":1,"custom_model_data":5},"model":"randomrush:ia_auto_gen/stwuqi_longjigunu_charged"},{"predicate":{"charged":1,"firework":1,"custom_model_data":5},"model":"randomrush:ia_auto_gen/stwuqi_longjigunu_firework"},{"predicate":{"custom_model_data":6},"model":"randomrush:ia_auto_gen/stwuqi_budongnu"},{"predicate":{"pulling":1,"custom_model_data":6},"model":"randomrush:ia_auto_gen/stwuqi_budongnu_0"},{"predicate":{"pulling":1,"pull":0.58,"custom_model_data":6},"model":"randomrush:ia_auto_gen/stwuqi_budongnu_1"},{"predicate":{"pulling":1,"pull":1.0,"custom_model_data":6},"model":"randomrush:ia_auto_gen/stwuqi_budongnu_2"},{"predicate":{"charged":1,"custom_model_data":6},"model":"randomrush:ia_auto_gen/stwuqi_budongnu_charged"},{"predicate":{"charged":1,"firework":1,"custom_model_data":6},"model":"randomrush:ia_auto_gen/stwuqi_budongnu_firework"},{"predicate":{"custom_model_data":7},"model":"randomrush:ia_auto_gen/stwuqi_qinggangzhongnu"},{"predicate":{"pulling":1,"custom_model_data":7},"model":"randomrush:ia_auto_gen/stwuqi_qinggangzhongnu_0"},{"predicate":{"pulling":1,"pull":0.58,"custom_model_data":7},"model":"randomrush:ia_auto_gen/stwuqi_qinggangzhongnu_1"},{"predicate":{"pulling":1,"pull":1.0,"custom_model_data":7},"model":"randomrush:ia_auto_gen/stwuqi_qinggangzhongnu_2"},{"predicate":{"charged":1,"custom_model_data":7},"model":"randomrush:ia_auto_gen/stwuqi_qinggangzhongnu_charged"},{"predicate":{"charged":1,"firework":1,"custom_model_data":7},"model":"randomrush:ia_auto_gen/stwuqi_qinggangzhongnu_firework"},{"predicate":{"custom_model_data":8},"model":"randomrush:ia_auto_gen/stwuqi_qinglongya"},{"predicate":{"pulling":1,"custom_model_data":8},"model":"randomrush:ia_auto_gen/stwuqi_qinglongya_0"},{"predicate":{"pulling":1,"pull":0.58,"custom_model_data":8},"model":"randomrush:ia_auto_gen/stwuqi_qinglongya_1"},{"predicate":{"pulling":1,"pull":1.0,"custom_model_data":8},"model":"randomrush:ia_auto_gen/stwuqi_qinglongya_2"},{"predicate":{"charged":1,"custom_model_data":8},"model":"randomrush:ia_auto_gen/stwuqi_qinglongya_charged"},{"predicate":{"charged":1,"firework":1,"custom_model_data":8},"model":"randomrush:ia_auto_gen/stwuqi_qinglongya_firework"},{"predicate":{"custom_model_data":9},"model":"randomrush:ia_auto_gen/stwuqi_cuiniaoqingming"},{"predicate":{"pulling":1,"custom_model_data":9},"model":"randomrush:ia_auto_gen/stwuqi_cuiniaoqingming_0"},{"predicate":{"pulling":1,"pull":0.58,"custom_model_data":9},"model":"randomrush:ia_auto_gen/stwuqi_cuiniaoqingming_1"},{"predicate":{"pulling":1,"pull":1.0,"custom_model_data":9},"model":"randomrush:ia_auto_gen/stwuqi_cuiniaoqingming_2"},{"predicate":{"charged":1,"custom_model_data":9},"model":"randomrush:ia_auto_gen/stwuqi_cuiniaoqingming_charged"},{"predicate":{"charged":1,"firework":1,"custom_model_data":9},"model":"randomrush:ia_auto_gen/stwuqi_cuiniaoqingming_firework"},{"predicate":{"custom_model_data":10},"model":"randomrush:ia_auto_gen/stwuqi_xuerong"},{"predicate":{"pulling":1,"custom_model_data":10},"model":"randomrush:ia_auto_gen/stwuqi_xuerong_0"},{"predicate":{"pulling":1,"pull":0.58,"custom_model_data":10},"model":"randomrush:ia_auto_gen/stwuqi_xuerong_1"},{"predicate":{"pulling":1,"pull":1.0,"custom_model_data":10},"model":"randomrush:ia_auto_gen/stwuqi_xuerong_2"},{"predicate":{"charged":1,"custom_model_data":10},"model":"randomrush:ia_auto_gen/stwuqi_xuerong_charged"},{"predicate":{"charged":1,"firework":1,"custom_model_data":10},"model":"randomrush:ia_auto_gen/stwuqi_xuerong_firework"},{"predicate":{"custom_model_data":11},"model":"randomrush:ia_auto_gen/stwuqi_yege"},{"predicate":{"pulling":1,"custom_model_data":11},"model":"randomrush:ia_auto_gen/stwuqi_yege_0"},{"predicate":{"pulling":1,"pull":0.58,"custom_model_data":11},"model":"randomrush:ia_auto_gen/stwuqi_yege_1"},{"predicate":{"pulling":1,"pull":1.0,"custom_model_data":11},"model":"randomrush:ia_auto_gen/stwuqi_yege_2"},{"predicate":{"charged":1,"custom_model_data":11},"model":"randomrush:ia_auto_gen/stwuqi_yege_charged"},{"predicate":{"charged":1,"firework":1,"custom_model_data":11},"model":"randomrush:ia_auto_gen/stwuqi_yege_firework"},{"predicate":{"custom_model_data":12},"model":"randomrush:ia_auto_gen/halloween_golden_crossbow"},{"predicate":{"pulling":1,"custom_model_data":12},"model":"randomrush:ia_auto_gen/halloween_golden_crossbow_0"},{"predicate":{"pulling":1,"pull":0.58,"custom_model_data":12},"model":"randomrush:ia_auto_gen/halloween_golden_crossbow_1"},{"predicate":{"pulling":1,"pull":1.0,"custom_model_data":12},"model":"randomrush:ia_auto_gen/halloween_golden_crossbow_2"},{"predicate":{"charged":1,"custom_model_data":12},"model":"randomrush:ia_auto_gen/halloween_golden_crossbow_charged"},{"predicate":{"charged":1,"firework":1,"custom_model_data":12},"model":"randomrush:ia_auto_gen/halloween_golden_crossbow_firework"},{"predicate":{"custom_model_data":13},"model":"randomrush:ia_auto_gen/new_year_crossbow"},{"predicate":{"pulling":1,"custom_model_data":13},"model":"randomrush:ia_auto_gen/new_year_crossbow_0"},{"predicate":{"pulling":1,"pull":0.58,"custom_model_data":13},"model":"randomrush:ia_auto_gen/new_year_crossbow_1"},{"predicate":{"pulling":1,"pull":1.0,"custom_model_data":13},"model":"randomrush:ia_auto_gen/new_year_crossbow_2"},{"predicate":{"charged":1,"custom_model_data":13},"model":"randomrush:ia_auto_gen/new_year_crossbow_charged"},{"predicate":{"charged":1,"firework":1,"custom_model_data":13},"model":"randomrush:ia_auto_gen/new_year_crossbow_firework"},{"predicate":{"custom_model_data":14},"model":"randomrush:ia_auto_gen/crossbow_2_crossbow_0"},{"predicate":{"pulling":1,"custom_model_data":14},"model":"randomrush:ia_auto_gen/crossbow_2_crossbow_0_0"},{"predicate":{"pulling":1,"pull":0.58,"custom_model_data":14},"model":"randomrush:ia_auto_gen/crossbow_2_crossbow_0_1"},{"predicate":{"pulling":1,"pull":1.0,"custom_model_data":14},"model":"randomrush:ia_auto_gen/crossbow_2_crossbow_0_2"},{"predicate":{"charged":1,"custom_model_data":14},"model":"randomrush:ia_auto_gen/crossbow_2_crossbow_0_charged"},{"predicate":{"charged":1,"firework":1,"custom_model_data":14},"model":"randomrush:ia_auto_gen/crossbow_2_crossbow_0_firework"},{"predicate":{"custom_model_data":15},"model":"randomrush:ia_auto_gen/crossbow_2_crossbow_1"},{"predicate":{"pulling":1,"custom_model_data":15},"model":"randomrush:ia_auto_gen/crossbow_2_crossbow_1_0"},{"predicate":{"pulling":1,"pull":0.58,"custom_model_data":15},"model":"randomrush:ia_auto_gen/crossbow_2_crossbow_1_1"},{"predicate":{"pulling":1,"pull":1.0,"custom_model_data":15},"model":"randomrush:ia_auto_gen/crossbow_2_crossbow_1_2"},{"predicate":{"charged":1,"custom_model_data":15},"model":"randomrush:ia_auto_gen/crossbow_2_crossbow_1_charged"},{"predicate":{"charged":1,"firework":1,"custom_model_data":15},"model":"randomrush:ia_auto_gen/crossbow_2_crossbow_1_firework"},{"predicate":{"custom_model_data":16},"model":"randomrush:ia_auto_gen/crossbow_2_crossbow_2"},{"predicate":{"pulling":1,"custom_model_data":16},"model":"randomrush:ia_auto_gen/crossbow_2_crossbow_2_0"},{"predicate":{"pulling":1,"pull":0.58,"custom_model_data":16},"model":"randomrush:ia_auto_gen/crossbow_2_crossbow_2_1"},{"predicate":{"pulling":1,"pull":1.0,"custom_model_data":16},"model":"randomrush:ia_auto_gen/crossbow_2_crossbow_2_2"},{"predicate":{"charged":1,"custom_model_data":16},"model":"randomrush:ia_auto_gen/crossbow_2_crossbow_2_charged"},{"predicate":{"charged":1,"firework":1,"custom_model_data":16},"model":"randomrush:ia_auto_gen/crossbow_2_crossbow_2_firework"},{"predicate":{"custom_model_data":17},"model":"randomrush:ia_auto_gen/crossbow_2_crossbow_3"},{"predicate":{"pulling":1,"custom_model_data":17},"model":"randomrush:ia_auto_gen/crossbow_2_crossbow_3_0"},{"predicate":{"pulling":1,"pull":0.58,"custom_model_data":17},"model":"randomrush:ia_auto_gen/crossbow_2_crossbow_3_1"},{"predicate":{"pulling":1,"pull":1.0,"custom_model_data":17},"model":"randomrush:ia_auto_gen/crossbow_2_crossbow_3_2"},{"predicate":{"charged":1,"custom_model_data":17},"model":"randomrush:ia_auto_gen/crossbow_2_crossbow_3_charged"},{"predicate":{"charged":1,"firework":1,"custom_model_data":17},"model":"randomrush:ia_auto_gen/crossbow_2_crossbow_3_firework"},{"predicate":{"custom_model_data":18},"model":"item/crossbow"}]}