{"parent":"minecraft:block/sponge","overrides":[{"predicate":{"custom_model_data":10000},"model":"randomrush:ia_auto_gen/structures_lucky_block"},{"predicate":{"custom_model_data":10001},"model":"randomrush:ia_auto_gen/green_lucky_block"},{"predicate":{"custom_model_data":10002},"model":"randomrush:ia_auto_gen/ultimate_lucky_block"},{"predicate":{"custom_model_data":10003},"model":"randomrush:ia_auto_gen/lucky_block"},{"predicate":{"custom_model_data":10004},"model":"randomrush:ia_auto_gen/chest_lucky_block"},{"predicate":{"custom_model_data":10005},"model":"randomrush:ia_auto_gen/mobs_lucky_block"},{"predicate":{"custom_model_data":10006},"model":"randomrush:ia_auto_gen/red_lucky_block"},{"predicate":{"custom_model_data":10007},"model":"randomrush:ia_auto_gen/summer_lucky_block"},{"predicate":{"custom_model_data":10008},"model":"item/sponge"}]}