{"sources":[{"type":"single","resource":"randomrush:items/shulker_sword"},{"type":"single","resource":"randomrush:items/weapons_2/crossbow/crossbow_1_2"},{"type":"single","resource":"randomrush:items/weapons_2/crossbow/crossbow_1_1"},{"type":"single","resource":"randomrush:items/weapons/nujian/stwuqi_xuerong_firework"},{"type":"single","resource":"randomrush:items/weapons_2/axe/11_03"},{"type":"single","resource":"randomrush:items/weapons_2/axe/11_04"},{"type":"single","resource":"randomrush:items/weapons_2/axe/11_01"},{"type":"single","resource":"randomrush:items/new_year/new_year_crossbow_charged"},{"type":"single","resource":"randomrush:items/weapons_2/axe/11_02"},{"type":"single","resource":"battlepass:air"},{"type":"single","resource":"randomrush:items/weapons/gongjian/stwuqi_heitangong"},{"type":"single","resource":"randomrush:items/weapons_2/pets/red_crewmate_texture"},{"type":"single","resource":"randomrush:items/weapons_2/pets/pufferfish_texture"},{"type":"single","resource":"randomrush:items/weapons_2/axe/11_09"},{"type":"single","resource":"randomrush:items/weapons_2/axe/11_07"},{"type":"single","resource":"randomrush:items/weapons_2/axe/11_08"},{"type":"single","resource":"randomrush:items/weapons_2/axe/11_05"},{"type":"single","resource":"randomrush:items/weapons/nujian/stwuqi_qingnu"},{"type":"single","resource":"randomrush:items/weapons_2/axe/11_06"},{"type":"single","resource":"randomrush:items/weapons_2/bow/bow_0_1"},{"type":"single","resource":"randomrush:items/weapons_2/bow/bow_0_0"},{"type":"single","resource":"randomrush:items/weapons_2/bow/bow_3"},{"type":"single","resource":"randomrush:items/weapons/nujian/stwuqi_longjigunu_0"},{"type":"single","resource":"randomrush:items/weapons_2/bow/bow_2"},{"type":"single","resource":"randomrush:items/weapons_2/bow/bow_0_2"},{"type":"single","resource":"randomrush:items/weapons_2/bow/bow_1"},{"type":"single","resource":"randomrush:items/weapons_2/bow/bow_0"},{"type":"single","resource":"randomrush:items/weapons/nujian/stwuqi_longjigunu_1"},{"type":"single","resource":"randomrush:items/weapons/nujian/stwuqi_longjigunu_2"},{"type":"single","resource":"randomrush:items/weapons_2/crossbow/crossbow_0_firework"},{"type":"single","resource":"_iainternal:icons/icon_next_orange"},{"type":"single","resource":"randomrush:items/weapons_2/axe/11_10"},{"type":"single","resource":"randomrush:items/weapons_2/axe/11_11"},{"type":"single","resource":"randomrush:items/weapons/gongjian/stwuqi_yinyue_2"},{"type":"single","resource":"randomrush:items/halloween/golden_crossbow"},{"type":"single","resource":"randomrush:items/weapons/gongjian/stwuqi_yinyue_0"},{"type":"single","resource":"randomrush:items/weapons/gongjian/stwuqi_yinyue_1"},{"type":"single","resource":"randomrush:items/weapons/nujian/stwuqi_qinggangzhongnu_2"},{"type":"single","resource":"randomrush:items/weapons/nujian/stwuqi_qinggangzhongnu_0"},{"type":"single","resource":"randomrush:items/weapons/nujian/stwuqi_chongnu_charged"},{"type":"single","resource":"randomrush:items/weapons/nujian/stwuqi_qinggangzhongnu_1"},{"type":"single","resource":"randomrush:items/weapons_2/crossbow/crossbow_1_0"},{"type":"single","resource":"randomrush:items/weapons/stwuqi_guodongdao"},{"type":"single","resource":"randomrush:items/halloween/golden_crossbow_2"},{"type":"single","resource":"randomrush:items/halloween/golden_crossbow_1"},{"type":"single","resource":"randomrush:items/weapons_2/crossbow/crossbow_2_2"},{"type":"single","resource":"randomrush:items/halloween/golden_crossbow_0"},{"type":"single","resource":"randomrush:items/weapons_2/crossbow/crossbow_2_1"},{"type":"single","resource":"randomrush:items/weapons_2/crossbow/crossbow_2_0"},{"type":"single","resource":"randomrush:items/weapons/stwuqi_sherenguai"},{"type":"single","resource":"randomrush:items/weapons/gongjian/stwuqi_tiancan"},{"type":"single","resource":"randomrush:items/weapons_2/crossbow/crossbow_1_charged"},{"type":"single","resource":"randomrush:items/weapons/stwuqi_shuiboren"},{"type":"single","resource":"randomrush:items/weapons/gongjian/stwuqi_wanyueduangong_0"},{"type":"single","resource":"randomrush:items/weapons/gongjian/stwuqi_wanyueduangong_1"},{"type":"single","resource":"battlepass:reward_locked_gray"},{"type":"single","resource":"randomrush:items/weapons/gongjian/stwuqi_wanyueduangong_2"},{"type":"single","resource":"_iainternal:icons/icon_cancel"},{"type":"single","resource":"randomrush:items/new_year/new_year_crossbow_firework"},{"type":"single","resource":"randomrush:blocks/good_lucky_block"},{"type":"single","resource":"randomrush:items/weapons/stwuqi_xihaiyunyan"},{"type":"single","resource":"randomrush:items/weapons_2/bow/bow_1_0"},{"type":"single","resource":"battlepass:questbook_gray"},{"type":"single","resource":"randomrush:items/weapons_2/bow/bow_1_2"},{"type":"single","resource":"randomrush:items/weapons_2/bow/bow_1_1"},{"type":"single","resource":"_iainternal:icons/icon_arrow_chest"},{"type":"single","resource":"randomrush:blocks/structural_lucky_block"},{"type":"single","resource":"randomrush:blocks/lucky_block"},{"type":"single","resource":"randomrush:items/weapons_2/pets/sans_texture"},{"type":"single","resource":"randomrush:items/weapons/stwuqi_yinlangdadao"},{"type":"single","resource":"randomrush:items/weapons/stwuqi_qingzhujian"},{"type":"single","resource":"randomrush:items/weapons/stwuqi_longlinbang"},{"type":"single","resource":"randomrush:items/weapons/stwuqi_xueyue"},{"type":"single","resource":"randomrush:items/crossbow_firework"},{"type":"single","resource":"randomrush:items/weapons/gongjian/stwuqi_wanyueduangong"},{"type":"single","resource":"randomrush:items/magma_sword"},{"type":"single","resource":"randomrush:items/pets/christmas_tree_log"},{"type":"single","resource":"randomrush:items/weapons/gongjian/stwuqi_xiyaowangong"},{"type":"single","resource":"randomrush:items/new_year/new_year_crossbow_2"},{"type":"single","resource":"randomrush:items/new_year/new_year_crossbow_1"},{"type":"single","resource":"randomrush:items/new_year/new_year_crossbow_0"},{"type":"single","resource":"randomrush:items/weapons/stwuqi_qixue"},{"type":"single","resource":"randomrush:items/weapons/nujian/stwuqi_xiumunu_charged"},{"type":"single","resource":"randomrush:items/weapons_2/crossbow/crossbow_3_2"},{"type":"single","resource":"randomrush:items/weapons_2/crossbow/crossbow_3_1"},{"type":"single","resource":"randomrush:blocks/red_lucky_block_christmas"},{"type":"single","resource":"randomrush:items/weapons_2/crossbow/crossbow_3_0"},{"type":"single","resource":"randomrush:items/weapons/gongjian/stwuqi_youyuxizhu_2"},{"type":"single","resource":"randomrush:items/weapons/gongjian/stwuqi_youyuxizhu_1"},{"type":"single","resource":"randomrush:blocks/lucky_drops_lucky_block_b"},{"type":"single","resource":"randomrush:items/weapons/gongjian/stwuqi_youyuxizhu_0"},{"type":"single","resource":"randomrush:items/weapons_2/sword/sword_0"},{"type":"single","resource":"randomrush:items/weapons_2/crossbow/crossbow_0"},{"type":"single","resource":"randomrush:items/weapons_2/sword/sword_1"},{"type":"single","resource":"randomrush:items/weapons_2/crossbow/crossbow_1"},{"type":"single","resource":"randomrush:items/weapons_2/sword/sword_2"},{"type":"single","resource":"randomrush:items/weapons_2/crossbow/crossbow_2"},{"type":"single","resource":"randomrush:items/weapons_2/sword/sword_3"},{"type":"single","resource":"randomrush:items/weapons/nujian/stwuqi_budongnu"},{"type":"single","resource":"randomrush:items/weapons/nujian/stwuqi_qinggangzhongnu_charged"},{"type":"single","resource":"randomrush:items/weapons/stwuqi_yingguangbang"},{"type":"single","resource":"randomrush:items/weapons_2/sword/sword_4"},{"type":"single","resource":"randomrush:items/weapons/gongjian/stwuqi_yingmugong"},{"type":"single","resource":"randomrush:blocks/common_lucky_block"},{"type":"single","resource":"randomrush:items/pets/christmas_tree_leaves"},{"type":"single","resource":"battlepass:reward_locked_green"},{"type":"single","resource":"randomrush:items/weapons_2/crossbow/crossbow_3_firework"},{"type":"single","resource":"randomrush:items/weapons_2/crossbow/crossbow_3"},{"type":"single","resource":"randomrush:items/weapons_2/bow/bow_2_2"},{"type":"single","resource":"battlepass:unlocked"},{"type":"single","resource":"randomrush:items/weapons_2/bow/bow_2_1"},{"type":"single","resource":"randomrush:items/weapons/gongjian/stwuqi_yinyigong"},{"type":"single","resource":"randomrush:items/weapons_2/bow/bow_2_0"},{"type":"single","resource":"randomrush:items/weapons/nujian/stwuqi_xuerong_0"},{"type":"single","resource":"randomrush:items/weapons/nujian/stwuqi_xuerong_2"},{"type":"single","resource":"randomrush:items/new_year/new_year_crossbow"},{"type":"single","resource":"randomrush:items/weapons/nujian/stwuqi_xuerong_1"},{"type":"single","resource":"randomrush:items/weapons/stwuqi_tiejichangge"},{"type":"single","resource":"randomrush:items/weapons/gongjian/stwuqi_tiancan_1"},{"type":"single","resource":"randomrush:items/weapons/gongjian/stwuqi_tiancan_2"},{"type":"single","resource":"randomrush:items/weapons/stwuqi_hongxingguaizhang"},{"type":"single","resource":"randomrush:items/crossbow"},{"type":"single","resource":"randomrush:items/weapons/gongjian/stwuqi_tiancan_0"},{"type":"single","resource":"randomrush:items/weapons/nujian/stwuqi_cuiniaoqingming_firework"},{"type":"single","resource":"randomrush:items/new_year/new_year_sword0"},{"type":"single","resource":"randomrush:blocks/good_lucky_block_b"},{"type":"single","resource":"randomrush:items/weapons/stwuqi_litieguai"},{"type":"single","resource":"randomrush:blocks/common_lucky_block_b"},{"type":"single","resource":"randomrush:items/weapons_2/crossbow/crossbow_2_charged"},{"type":"single","resource":"randomrush:items/weapons_2/pets/creeper_texture"},{"type":"single","resource":"randomrush:items/weapons/nujian/stwuqi_xiumunu"},{"type":"single","resource":"randomrush:blocks/green_lucky_block_christmas"},{"type":"single","resource":"randomrush:items/weapons/stwuqi_qingtiezhongjian"},{"type":"single","resource":"randomrush:items/weapons/nujian/stwuqi_longjigunu_firework"},{"type":"single","resource":"randomrush:items/halloween/golden_crossbow_firework"},{"type":"single","resource":"randomrush:items/weapons/nujian/stwuqi_qinglongya"},{"type":"single","resource":"randomrush:blocks/dangerous_lucky_block"},{"type":"single","resource":"randomrush:items/weapons/stwuqi_dashasifang"},{"type":"single","resource":"randomrush:items/weapons/nujian/stwuqi_budongnu_firework"},{"type":"single","resource":"randomrush:items/weapons/stwuqi_qingtongjian"},{"type":"single","resource":"randomrush:items/weapons/stwuqi_duohun"},{"type":"single","resource":"randomrush:items/new_year/new_year_bow_2"},{"type":"single","resource":"randomrush:items/weapons_2/bow/bow_3_2"},{"type":"single","resource":"randomrush:items/new_year/new_year_bow_1"},{"type":"single","resource":"randomrush:items/weapons_2/bow/bow_3_1"},{"type":"single","resource":"randomrush:items/weapons/stwuqi_longyinjian"},{"type":"single","resource":"randomrush:items/new_year/new_year_bow_0"},{"type":"single","resource":"randomrush:items/weapons/nujian/stwuqi_qinggangzhongnu"},{"type":"single","resource":"randomrush:items/weapons_2/bow/bow_3_0"},{"type":"single","resource":"randomrush:items/weapons_2/pets/ghast_texture"},{"type":"single","resource":"randomrush:blocks/lucky_drops_lucky_block"},{"type":"single","resource":"randomrush:items/weapons/stwuqi_yunren"},{"type":"single","resource":"_iainternal:icons/icon_search"},{"type":"single","resource":"randomrush:items/weapons/stwuqi_ruoritiejian"},{"type":"single","resource":"randomrush:items/bow"},{"type":"single","resource":"randomrush:items/weapons/nujian/stwuqi_qinglongya_firework"},{"type":"single","resource":"battlepass:reward_unclaimed"},{"type":"single","resource":"randomrush:items/halloween/axe4"},{"type":"single","resource":"battlepass:reward_claimed"},{"type":"single","resource":"randomrush:blocks/ultimate_lucky_block"},{"type":"single","resource":"randomrush:items/weapons/nujian/stwuqi_xuerong"},{"type":"single","resource":"randomrush:items/weapons/nujian/stwuqi_qinglongya_charged"},{"type":"single","resource":"randomrush:items/bedrock_sword"},{"type":"single","resource":"randomrush:items/weapons/stwuqi_xueluowuti"},{"type":"single","resource":"randomrush:items/weapons/stwuqi_liuxingdao"},{"type":"single","resource":"randomrush:items/weapons/stwuqi_dakandao"},{"type":"single","resource":"randomrush:items/weapons_2/crossbow/crossbow_0_charged"},{"type":"single","resource":"randomrush:items/weapons/stwuqi_heishenduteng"},{"type":"single","resource":"_iainternal:icons/icon_left_blue"},{"type":"single","resource":"randomrush:items/weapons/nujian/stwuqi_xiumunu_1"},{"type":"single","resource":"randomrush:items/weapons/nujian/stwuqi_xiumunu_0"},{"type":"single","resource":"randomrush:items/blaze_sword"},{"type":"single","resource":"randomrush:items/weapons/nujian/stwuqi_xiumunu_2"},{"type":"single","resource":"battlepass:questbook"},{"type":"single","resource":"randomrush:items/weapons/stwuqi_lingguangzhang"},{"type":"single","resource":"randomrush:items/weapons/stwuqi_muzhuzhang"},{"type":"single","resource":"randomrush:items/weapons/nujian/stwuqi_qingnu_0"},{"type":"single","resource":"randomrush:items/halloween/golden_crossbow_charged"},{"type":"single","resource":"randomrush:items/weapons/stwuqi_huojiangun"},{"type":"single","resource":"randomrush:items/weapons/nujian/stwuqi_qingnu_1"},{"type":"single","resource":"randomrush:items/weapons_2/pets/cow_texture"},{"type":"single","resource":"randomrush:items/weapons/nujian/stwuqi_qingnu_2"},{"type":"single","resource":"randomrush:blocks/mobs_lucky_block_b"},{"type":"single","resource":"randomrush:items/weapons/nujian/stwuqi_chongnu_2"},{"type":"single","resource":"randomrush:items/new_year/new_year_bow"},{"type":"single","resource":"randomrush:items/weapons/nujian/stwuqi_chongnu_1"},{"type":"single","resource":"randomrush:items/weapons/nujian/stwuqi_chongnu_0"},{"type":"single","resource":"randomrush:items/ice_sword"},{"type":"single","resource":"randomrush:items/weapons/gongjian/stwuqi_heitangong_2"},{"type":"single","resource":"randomrush:items/weapons/gongjian/stwuqi_heitangong_1"},{"type":"single","resource":"randomrush:items/pets/42b"},{"type":"single","resource":"randomrush:items/weapons/nujian/stwuqi_xiumunu_firework"},{"type":"single","resource":"randomrush:blocks/dangerous_lucky_block_b"},{"type":"single","resource":"randomrush:items/weapons/gongjian/stwuqi_heitangong_0"},{"type":"single","resource":"randomrush:items/pets/christmas_tree_log_top"},{"type":"single","resource":"randomrush:items/weapons/gongjian/stwuqi_yinyue"},{"type":"single","resource":"randomrush:items/weapons/stwuqi_liumubang"},{"type":"single","resource":"randomrush:items/weapons/nujian/stwuqi_honglianyehuo_firework"},{"type":"single","resource":"randomrush:blocks/structural_lucky_block_b"},{"type":"single","resource":"randomrush:items/spider_sword"},{"type":"single","resource":"randomrush:items/weapons/nujian/stwuqi_qingnu_charged"},{"type":"single","resource":"randomrush:items/weapons/nujian/stwuqi_yege_2"},{"type":"single","resource":"randomrush:items/weapons/gongjian/stwuqi_yiyinlong"},{"type":"single","resource":"randomrush:items/weapons/nujian/stwuqi_chongnu"},{"type":"single","resource":"randomrush:items/weapons/nujian/stwuqi_yege_1"},{"type":"single","resource":"randomrush:items/weapons/nujian/stwuqi_yege_0"},{"type":"single","resource":"randomrush:items/weapons/stwuqi_taitan"},{"type":"single","resource":"randomrush:items/weapons/stwuqi_baojunjuren"},{"type":"single","resource":"randomrush:items/crossbow_0"},{"type":"single","resource":"randomrush:items/weapons/stwuqi_sanzai"},{"type":"single","resource":"randomrush:items/crossbow_2"},{"type":"single","resource":"randomrush:items/weapons/nujian/stwuqi_yege_charged"},{"type":"single","resource":"randomrush:items/weapons/stwuqi_qingjinjian"},{"type":"single","resource":"randomrush:items/crossbow_1"},{"type":"single","resource":"randomrush:items/weapons/gongjian/stwuqi_fengmingjiutian_0"},{"type":"single","resource":"randomrush:items/weapons/gongjian/stwuqi_fengmingjiutian_1"},{"type":"single","resource":"randomrush:items/weapons/gongjian/stwuqi_fengmingjiutian_2"},{"type":"single","resource":"randomrush:blocks/lucky_block_christmas"},{"type":"single","resource":"randomrush:items/crossbow_charged"},{"type":"single","resource":"randomrush:items/sea_sword"},{"type":"single","resource":"randomrush:items/weapons/nujian/stwuqi_yege"},{"type":"single","resource":"randomrush:items/weapons/stwuqi_luming"},{"type":"single","resource":"randomrush:items/obsidian_sword"},{"type":"single","resource":"randomrush:blocks/summer_lucky_block_b"},{"type":"single","resource":"randomrush:items/weapons/stwuqi_jinbeiwandao"},{"type":"single","resource":"randomrush:items/weapons/nujian/stwuqi_cuiniaoqingming_charged"},{"type":"single","resource":"randomrush:items/weapons/gongjian/stwuqi_xiyaowangong_0"},{"type":"single","resource":"randomrush:items/weapons/gongjian/stwuqi_xiyaowangong_1"},{"type":"single","resource":"randomrush:items/weapons/stwuqi_xianyue"},{"type":"single","resource":"randomrush:items/weapons/gongjian/stwuqi_xiyaowangong_2"},{"type":"single","resource":"randomrush:items/weapons/stwuqi_dianshichengjin"},{"type":"single","resource":"randomrush:items/halloween/golden_bow_0"},{"type":"single","resource":"randomrush:items/weapons/gongjian/stwuqi_youyuxizhu"},{"type":"single","resource":"randomrush:items/halloween/golden_bow_1"},{"type":"single","resource":"randomrush:items/weapons/stwuqi_feitieshengun"},{"type":"single","resource":"randomrush:items/halloween/golden_bow_2"},{"type":"single","resource":"randomrush:items/weapons/nujian/stwuqi_honglianyehuo_charged"},{"type":"single","resource":"randomrush:items/weapons/stwuqi_matoubang"},{"type":"single","resource":"randomrush:items/weapons/stwuqi_xingguangdao"},{"type":"single","resource":"randomrush:items/weapons/nujian/stwuqi_yege_firework"},{"type":"single","resource":"randomrush:items/weapons_2/crossbow/crossbow_1_firework"},{"type":"single","resource":"randomrush:items/weapons/gongjian/stwuqi_tiandingchanggong_2"},{"type":"single","resource":"randomrush:items/weapons/stwuqi_caihongbang"},{"type":"single","resource":"randomrush:items/weapons/gongjian/stwuqi_tiandingchanggong_1"},{"type":"single","resource":"randomrush:items/weapons/gongjian/stwuqi_tiandingchanggong_0"},{"type":"single","resource":"randomrush:items/weapons/stwuqi_julongdajian"},{"type":"single","resource":"randomrush:items/weapons/gongjian/stwuqi_yiyinlong_2"},{"type":"single","resource":"randomrush:items/weapons/gongjian/stwuqi_yiyinlong_1"},{"type":"single","resource":"randomrush:items/weapons/nujian/stwuqi_qinglongya_2"},{"type":"single","resource":"randomrush:items/weapons/nujian/stwuqi_budongnu_charged"},{"type":"single","resource":"randomrush:items/weapons/nujian/stwuqi_qinglongya_1"},{"type":"single","resource":"randomrush:items/weapons/nujian/stwuqi_qinglongya_0"},{"type":"single","resource":"randomrush:items/weapons/nujian/stwuqi_qinggangzhongnu_firework"},{"type":"single","resource":"randomrush:items/weapons_2/pets/isaac_texture"},{"type":"single","resource":"randomrush:items/weapons/stwuqi_chaidao"},{"type":"single","resource":"randomrush:items/weapons/stwuqi_minglei"},{"type":"single","resource":"randomrush:items/weapons/nujian/stwuqi_budongnu_1"},{"type":"single","resource":"randomrush:items/weapons/nujian/stwuqi_budongnu_2"},{"type":"single","resource":"randomrush:items/weapons/nujian/stwuqi_budongnu_0"},{"type":"single","resource":"randomrush:items/weapons/nujian/stwuqi_xuerong_charged"},{"type":"single","resource":"randomrush:items/weapons/gongjian/stwuqi_yiyinlong_0"},{"type":"single","resource":"randomrush:items/weapons/gongjian/stwuqi_fengmingjiutian"},{"type":"single","resource":"randomrush:items/pets/star"},{"type":"single","resource":"randomrush:items/weapons/nujian/stwuqi_honglianyehuo_2"},{"type":"single","resource":"randomrush:items/weapons/nujian/stwuqi_honglianyehuo_1"},{"type":"single","resource":"randomrush:items/weapons/nujian/stwuqi_cuiniaoqingming_0"},{"type":"single","resource":"randomrush:items/weapons/stwuqi_qibingjian"},{"type":"single","resource":"randomrush:items/weapons/nujian/stwuqi_cuiniaoqingming_1"},{"type":"single","resource":"randomrush:items/weapons/nujian/stwuqi_cuiniaoqingming_2"},{"type":"single","resource":"randomrush:items/weapons/nujian/stwuqi_honglianyehuo_0"},{"type":"single","resource":"randomrush:items/pets/oreotxtre"},{"type":"single","resource":"randomrush:items/bow_0"},{"type":"single","resource":"randomrush:items/weapons/gongjian/stwuqi_tiandingchanggong"},{"type":"single","resource":"randomrush:items/bow_2"},{"type":"single","resource":"randomrush:items/bow_1"},{"type":"single","resource":"randomrush:blocks/red_lucky_block"},{"type":"single","resource":"randomrush:items/weapons/stwuqi_xunhunlingjian"},{"type":"single","resource":"randomrush:items/halloween/golden_bow"},{"type":"single","resource":"battlepass:locked"},{"type":"single","resource":"randomrush:items/weapons_2/crossbow/crossbow_0_2"},{"type":"single","resource":"randomrush:items/weapons/stwuqi_wanxia"},{"type":"single","resource":"randomrush:items/weapons/stwuqi_liweitan"},{"type":"single","resource":"randomrush:items/halloween/sword1"},{"type":"single","resource":"randomrush:items/halloween/sword4"},{"type":"single","resource":"randomrush:blocks/mobs_lucky_block"},{"type":"single","resource":"randomrush:items/weapons_2/crossbow/crossbow_2_firework"},{"type":"single","resource":"randomrush:items/halloween/sword0"},{"type":"single","resource":"randomrush:items/weapons/stwuqi_niujiaozhang"},{"type":"single","resource":"randomrush:items/weapons/stwuqi_qingtonggujian"},{"type":"single","resource":"randomrush:items/weapons/nujian/stwuqi_cuiniaoqingming"},{"type":"single","resource":"randomrush:items/weapons/nujian/stwuqi_qingnu_firework"},{"type":"single","resource":"randomrush:items/weapons/nujian/stwuqi_longjigunu"},{"type":"single","resource":"_iainternal:icons/icon_back_orange"},{"type":"single","resource":"randomrush:items/weapons/stwuqi_hongmuzhang"},{"type":"single","resource":"randomrush:items/weapons/stwuqi_bihaijian"},{"type":"single","resource":"randomrush:blocks/green_lucky_block"},{"type":"single","resource":"randomrush:items/weapons/stwuqi_xiyangjian"},{"type":"single","resource":"randomrush:items/weapons_2/pets/aggressive_eye_of_cthulhu_breaking_texture"},{"type":"single","resource":"randomrush:items/weapons/gongjian/stwuqi_yingmugong_2"},{"type":"single","resource":"randomrush:items/weapons/gongjian/stwuqi_yingmugong_1"},{"type":"single","resource":"randomrush:items/weapons/stwuqi_zixuanjian"},{"type":"single","resource":"randomrush:items/lucky_sword"},{"type":"single","resource":"_iainternal:icons/icon_right_blue"},{"type":"single","resource":"randomrush:items/weapons/nujian/stwuqi_longjigunu_charged"},{"type":"single","resource":"randomrush:items/weapons/nujian/stwuqi_honglianyehuo"},{"type":"single","resource":"randomrush:items/weapons/stwuqi_yueying"},{"type":"single","resource":"randomrush:items/weapons/nujian/stwuqi_chongnu_firework"},{"type":"single","resource":"randomrush:items/weapons/gongjian/stwuqi_yinyigong_2"},{"type":"single","resource":"randomrush:items/weapons/stwuqi_yanyunjian"},{"type":"single","resource":"randomrush:items/weapons/gongjian/stwuqi_yinyigong_0"},{"type":"single","resource":"randomrush:blocks/ultimate_lucky_block_b"},{"type":"single","resource":"randomrush:items/weapons/gongjian/stwuqi_yinyigong_1"},{"type":"single","resource":"randomrush:items/weapons/gongjian/stwuqi_yingmugong_0"},{"type":"single","resource":"randomrush:items/weapons_2/crossbow/crossbow_0_1"},{"type":"single","resource":"randomrush:items/weapons_2/crossbow/crossbow_0_0"},{"type":"single","resource":"randomrush:items/weapons_2/crossbow/crossbow_3_charged"}]}