{"parent":"minecraft:item/generated","textures":{"layer0":"minecraft:item/gold_nugget"},"overrides":[{"predicate":{"custom_model_data":500},"model":"battlepass:air"},{"predicate":{"custom_model_data":501},"model":"battlepass:locked"},{"predicate":{"custom_model_data":502},"model":"battlepass:unlocked"},{"predicate":{"custom_model_data":503},"model":"battlepass:reward_unclaimed"},{"predicate":{"custom_model_data":504},"model":"battlepass:reward_claimed"},{"predicate":{"custom_model_data":505},"model":"battlepass:questbook"},{"predicate":{"custom_model_data":506},"model":"battlepass:questbook_gray"},{"predicate":{"custom_model_data":507},"model":"battlepass:reward_locked_gray"},{"predicate":{"custom_model_data":508},"model":"battlepass:reward_locked_green"},{"predicate":{"custom_model_data":509},"model":"item/gold_nugget"}]}