{"parent":"item/generated","textures":{"layer0":"item/bow"},"display":{"thirdperson_righthand":{"rotation":[-80,260,-40],"translation":[-1,-2,2.5],"scale":[0.9,0.9,0.9]},"thirdperson_lefthand":{"rotation":[-80,-280,40],"translation":[-1,-2,2.5],"scale":[0.9,0.9,0.9]},"firstperson_righthand":{"rotation":[0,-90,25],"translation":[1.13,3.2,1.13],"scale":[0.68,0.68,0.68]},"firstperson_lefthand":{"rotation":[0,90,-25],"translation":[1.13,3.2,1.13],"scale":[0.68,0.68,0.68]}},"overrides":[{"predicate":{"pulling":1},"model":"item/bow_pulling_0"},{"predicate":{"pulling":1,"pull":0.65},"model":"item/bow_pulling_1"},{"predicate":{"pulling":1,"pull":0.9},"model":"item/bow_pulling_2"},{"predicate":{"custom_model_data":0},"model":"randomrush:ia_auto_gen/default_bow"},{"predicate":{"pulling":1,"custom_model_data":0},"model":"randomrush:ia_auto_gen/default_bow_0"},{"predicate":{"pulling":1,"pull":0.65,"custom_model_data":0},"model":"randomrush:ia_auto_gen/default_bow_1"},{"predicate":{"pulling":1,"pull":0.9,"custom_model_data":0},"model":"randomrush:ia_auto_gen/default_bow_2"},{"predicate":{"custom_model_data":1},"model":"randomrush:ia_auto_gen/stwuqi_yingmugong"},{"predicate":{"pulling":1,"custom_model_data":1},"model":"randomrush:ia_auto_gen/stwuqi_yingmugong_0"},{"predicate":{"pulling":1,"pull":0.65,"custom_model_data":1},"model":"randomrush:ia_auto_gen/stwuqi_yingmugong_1"},{"predicate":{"pulling":1,"pull":0.9,"custom_model_data":1},"model":"randomrush:ia_auto_gen/stwuqi_yingmugong_2"},{"predicate":{"custom_model_data":2},"model":"randomrush:ia_auto_gen/stwuqi_heitangong"},{"predicate":{"pulling":1,"custom_model_data":2},"model":"randomrush:ia_auto_gen/stwuqi_heitangong_0"},{"predicate":{"pulling":1,"pull":0.65,"custom_model_data":2},"model":"randomrush:ia_auto_gen/stwuqi_heitangong_1"},{"predicate":{"pulling":1,"pull":0.9,"custom_model_data":2},"model":"randomrush:ia_auto_gen/stwuqi_heitangong_2"},{"predicate":{"custom_model_data":3},"model":"randomrush:ia_auto_gen/stwuqi_tiandingchanggong"},{"predicate":{"pulling":1,"custom_model_data":3},"model":"randomrush:ia_auto_gen/stwuqi_tiandingchanggong_0"},{"predicate":{"pulling":1,"pull":0.65,"custom_model_data":3},"model":"randomrush:ia_auto_gen/stwuqi_tiandingchanggong_1"},{"predicate":{"pulling":1,"pull":0.9,"custom_model_data":3},"model":"randomrush:ia_auto_gen/stwuqi_tiandingchanggong_2"},{"predicate":{"custom_model_data":4},"model":"randomrush:ia_auto_gen/stwuqi_wanyueduangong"},{"predicate":{"pulling":1,"custom_model_data":4},"model":"randomrush:ia_auto_gen/stwuqi_wanyueduangong_0"},{"predicate":{"pulling":1,"pull":0.65,"custom_model_data":4},"model":"randomrush:ia_auto_gen/stwuqi_wanyueduangong_1"},{"predicate":{"pulling":1,"pull":0.9,"custom_model_data":4},"model":"randomrush:ia_auto_gen/stwuqi_wanyueduangong_2"},{"predicate":{"custom_model_data":5},"model":"randomrush:ia_auto_gen/stwuqi_tiancan"},{"predicate":{"pulling":1,"custom_model_data":5},"model":"randomrush:ia_auto_gen/stwuqi_tiancan_0"},{"predicate":{"pulling":1,"pull":0.65,"custom_model_data":5},"model":"randomrush:ia_auto_gen/stwuqi_tiancan_1"},{"predicate":{"pulling":1,"pull":0.9,"custom_model_data":5},"model":"randomrush:ia_auto_gen/stwuqi_tiancan_2"},{"predicate":{"custom_model_data":6},"model":"randomrush:ia_auto_gen/stwuqi_yinyue"},{"predicate":{"pulling":1,"custom_model_data":6},"model":"randomrush:ia_auto_gen/stwuqi_yinyue_0"},{"predicate":{"pulling":1,"pull":0.65,"custom_model_data":6},"model":"randomrush:ia_auto_gen/stwuqi_yinyue_1"},{"predicate":{"pulling":1,"pull":0.9,"custom_model_data":6},"model":"randomrush:ia_auto_gen/stwuqi_yinyue_2"},{"predicate":{"custom_model_data":7},"model":"randomrush:ia_auto_gen/stwuqi_yinyigong"},{"predicate":{"pulling":1,"custom_model_data":7},"model":"randomrush:ia_auto_gen/stwuqi_yinyigong_0"},{"predicate":{"pulling":1,"pull":0.65,"custom_model_data":7},"model":"randomrush:ia_auto_gen/stwuqi_yinyigong_1"},{"predicate":{"pulling":1,"pull":0.9,"custom_model_data":7},"model":"randomrush:ia_auto_gen/stwuqi_yinyigong_2"},{"predicate":{"custom_model_data":8},"model":"randomrush:ia_auto_gen/stwuqi_xiyaowangong"},{"predicate":{"pulling":1,"custom_model_data":8},"model":"randomrush:ia_auto_gen/stwuqi_xiyaowangong_0"},{"predicate":{"pulling":1,"pull":0.65,"custom_model_data":8},"model":"randomrush:ia_auto_gen/stwuqi_xiyaowangong_1"},{"predicate":{"pulling":1,"pull":0.9,"custom_model_data":8},"model":"randomrush:ia_auto_gen/stwuqi_xiyaowangong_2"},{"predicate":{"custom_model_data":9},"model":"randomrush:ia_auto_gen/stwuqi_fengmingjiutian"},{"predicate":{"pulling":1,"custom_model_data":9},"model":"randomrush:ia_auto_gen/stwuqi_fengmingjiutian_0"},{"predicate":{"pulling":1,"pull":0.65,"custom_model_data":9},"model":"randomrush:ia_auto_gen/stwuqi_fengmingjiutian_1"},{"predicate":{"pulling":1,"pull":0.9,"custom_model_data":9},"model":"randomrush:ia_auto_gen/stwuqi_fengmingjiutian_2"},{"predicate":{"custom_model_data":10},"model":"randomrush:ia_auto_gen/stwuqi_yiyinlong"},{"predicate":{"pulling":1,"custom_model_data":10},"model":"randomrush:ia_auto_gen/stwuqi_yiyinlong_0"},{"predicate":{"pulling":1,"pull":0.65,"custom_model_data":10},"model":"randomrush:ia_auto_gen/stwuqi_yiyinlong_1"},{"predicate":{"pulling":1,"pull":0.9,"custom_model_data":10},"model":"randomrush:ia_auto_gen/stwuqi_yiyinlong_2"},{"predicate":{"custom_model_data":11},"model":"randomrush:ia_auto_gen/stwuqi_youyuxizhu"},{"predicate":{"pulling":1,"custom_model_data":11},"model":"randomrush:ia_auto_gen/stwuqi_youyuxizhu_0"},{"predicate":{"pulling":1,"pull":0.65,"custom_model_data":11},"model":"randomrush:ia_auto_gen/stwuqi_youyuxizhu_1"},{"predicate":{"pulling":1,"pull":0.9,"custom_model_data":11},"model":"randomrush:ia_auto_gen/stwuqi_youyuxizhu_2"},{"predicate":{"custom_model_data":12},"model":"randomrush:ia_auto_gen/halloween_golden_bow"},{"predicate":{"pulling":1,"custom_model_data":12},"model":"randomrush:ia_auto_gen/halloween_golden_bow_0"},{"predicate":{"pulling":1,"pull":0.65,"custom_model_data":12},"model":"randomrush:ia_auto_gen/halloween_golden_bow_1"},{"predicate":{"pulling":1,"pull":0.9,"custom_model_data":12},"model":"randomrush:ia_auto_gen/halloween_golden_bow_2"},{"predicate":{"custom_model_data":13},"model":"randomrush:ia_auto_gen/new_year_bow"},{"predicate":{"pulling":1,"custom_model_data":13},"model":"randomrush:ia_auto_gen/new_year_bow_0"},{"predicate":{"pulling":1,"pull":0.65,"custom_model_data":13},"model":"randomrush:ia_auto_gen/new_year_bow_1"},{"predicate":{"pulling":1,"pull":0.9,"custom_model_data":13},"model":"randomrush:ia_auto_gen/new_year_bow_2"},{"predicate":{"custom_model_data":14},"model":"randomrush:ia_auto_gen/bow_2_bow_0"},{"predicate":{"pulling":1,"custom_model_data":14},"model":"randomrush:ia_auto_gen/bow_2_bow_0_0"},{"predicate":{"pulling":1,"pull":0.65,"custom_model_data":14},"model":"randomrush:ia_auto_gen/bow_2_bow_0_1"},{"predicate":{"pulling":1,"pull":0.9,"custom_model_data":14},"model":"randomrush:ia_auto_gen/bow_2_bow_0_2"},{"predicate":{"custom_model_data":15},"model":"randomrush:ia_auto_gen/bow_2_bow_1"},{"predicate":{"pulling":1,"custom_model_data":15},"model":"randomrush:ia_auto_gen/bow_2_bow_1_0"},{"predicate":{"pulling":1,"pull":0.65,"custom_model_data":15},"model":"randomrush:ia_auto_gen/bow_2_bow_1_1"},{"predicate":{"pulling":1,"pull":0.9,"custom_model_data":15},"model":"randomrush:ia_auto_gen/bow_2_bow_1_2"},{"predicate":{"custom_model_data":16},"model":"randomrush:ia_auto_gen/bow_2_bow_2"},{"predicate":{"pulling":1,"custom_model_data":16},"model":"randomrush:ia_auto_gen/bow_2_bow_2_0"},{"predicate":{"pulling":1,"pull":0.65,"custom_model_data":16},"model":"randomrush:ia_auto_gen/bow_2_bow_2_1"},{"predicate":{"pulling":1,"pull":0.9,"custom_model_data":16},"model":"randomrush:ia_auto_gen/bow_2_bow_2_2"},{"predicate":{"custom_model_data":17},"model":"randomrush:ia_auto_gen/bow_2_bow_3"},{"predicate":{"pulling":1,"custom_model_data":17},"model":"randomrush:ia_auto_gen/bow_2_bow_3_0"},{"predicate":{"pulling":1,"pull":0.65,"custom_model_data":17},"model":"randomrush:ia_auto_gen/bow_2_bow_3_1"},{"predicate":{"pulling":1,"pull":0.9,"custom_model_data":17},"model":"randomrush:ia_auto_gen/bow_2_bow_3_2"},{"predicate":{"custom_model_data":18},"model":"item/bow"}]}