{"parent":"minecraft:item/handheld","textures":{"layer0":"minecraft:item/diamond_sword"},"overrides":[{"predicate":{"custom_model_data":0},"model":"randomrush:ia_auto_gen/diamond_default_sword"},{"predicate":{"custom_model_data":1},"model":"randomrush:ia_auto_gen/diamond_stwuqi_chaidao"},{"predicate":{"custom_model_data":2},"model":"randomrush:ia_auto_gen/diamond_stwuqi_liumubang"},{"predicate":{"custom_model_data":3},"model":"randomrush:ia_auto_gen/diamond_stwuqi_matoubang"},{"predicate":{"custom_model_data":4},"model":"randomrush:ia_auto_gen/diamond_stwuqi_jinbeiwandao"},{"predicate":{"custom_model_data":5},"model":"randomrush:ia_auto_gen/diamond_stwuqi_dianshichengjin"},{"predicate":{"custom_model_data":6},"model":"randomrush:ia_auto_gen/diamond_stwuqi_feitieshengun"},{"predicate":{"custom_model_data":7},"model":"randomrush:ia_auto_gen/diamond_stwuqi_hongmuzhang"},{"predicate":{"custom_model_data":8},"model":"randomrush:ia_auto_gen/diamond_stwuqi_heishenduteng"},{"predicate":{"custom_model_data":9},"model":"randomrush:ia_auto_gen/diamond_stwuqi_baojunjuren"},{"predicate":{"custom_model_data":10},"model":"randomrush:ia_auto_gen/diamond_stwuqi_bihaijian"},{"predicate":{"custom_model_data":11},"model":"randomrush:ia_auto_gen/diamond_stwuqi_dakandao"},{"predicate":{"custom_model_data":12},"model":"randomrush:ia_auto_gen/diamond_stwuqi_xiyangjian"},{"predicate":{"custom_model_data":13},"model":"randomrush:ia_auto_gen/diamond_stwuqi_niujiaozhang"},{"predicate":{"custom_model_data":14},"model":"randomrush:ia_auto_gen/diamond_stwuqi_litieguai"},{"predicate":{"custom_model_data":15},"model":"randomrush:ia_auto_gen/diamond_stwuqi_qingtiezhongjian"},{"predicate":{"custom_model_data":16},"model":"randomrush:ia_auto_gen/diamond_stwuqi_qingtonggujian"},{"predicate":{"custom_model_data":17},"model":"randomrush:ia_auto_gen/diamond_stwuqi_longyinjian"},{"predicate":{"custom_model_data":18},"model":"randomrush:ia_auto_gen/diamond_stwuqi_yinlangdadao"},{"predicate":{"custom_model_data":19},"model":"randomrush:ia_auto_gen/diamond_stwuqi_ruoritiejian"},{"predicate":{"custom_model_data":20},"model":"randomrush:ia_auto_gen/diamond_stwuqi_tiejichangge"},{"predicate":{"custom_model_data":21},"model":"randomrush:ia_auto_gen/diamond_stwuqi_qingjinjian"},{"predicate":{"custom_model_data":22},"model":"randomrush:ia_auto_gen/diamond_stwuqi_yingguangbang"},{"predicate":{"custom_model_data":23},"model":"randomrush:ia_auto_gen/diamond_stwuqi_yueying"},{"predicate":{"custom_model_data":24},"model":"randomrush:ia_auto_gen/diamond_stwuqi_qingtongjian"},{"predicate":{"custom_model_data":25},"model":"randomrush:ia_auto_gen/diamond_stwuqi_xianyue"},{"predicate":{"custom_model_data":26},"model":"randomrush:ia_auto_gen/diamond_stwuqi_lingguangzhang"},{"predicate":{"custom_model_data":27},"model":"randomrush:ia_auto_gen/diamond_stwuqi_sherenguai"},{"predicate":{"custom_model_data":28},"model":"randomrush:ia_auto_gen/diamond_stwuqi_hongxingguaizhang"},{"predicate":{"custom_model_data":29},"model":"randomrush:ia_auto_gen/diamond_stwuqi_xihaiyunyan"},{"predicate":{"custom_model_data":30},"model":"randomrush:ia_auto_gen/diamond_stwuqi_huojiangun"},{"predicate":{"custom_model_data":31},"model":"randomrush:ia_auto_gen/diamond_stwuqi_qibingjian"},{"predicate":{"custom_model_data":32},"model":"randomrush:ia_auto_gen/diamond_stwuqi_sanzai"},{"predicate":{"custom_model_data":33},"model":"randomrush:ia_auto_gen/diamond_stwuqi_shuiboren"},{"predicate":{"custom_model_data":34},"model":"randomrush:ia_auto_gen/diamond_stwuqi_muzhuzhang"},{"predicate":{"custom_model_data":35},"model":"randomrush:ia_auto_gen/diamond_stwuqi_wanxia"},{"predicate":{"custom_model_data":36},"model":"randomrush:ia_auto_gen/diamond_stwuqi_julongdajian"},{"predicate":{"custom_model_data":37},"model":"randomrush:ia_auto_gen/diamond_stwuqi_longlinbang"},{"predicate":{"custom_model_data":38},"model":"randomrush:ia_auto_gen/diamond_stwuqi_yunren"},{"predicate":{"custom_model_data":39},"model":"randomrush:ia_auto_gen/diamond_stwuqi_guodongdao"},{"predicate":{"custom_model_data":40},"model":"randomrush:ia_auto_gen/diamond_stwuqi_qingzhujian"},{"predicate":{"custom_model_data":41},"model":"randomrush:ia_auto_gen/diamond_stwuqi_taitan"},{"predicate":{"custom_model_data":42},"model":"randomrush:ia_auto_gen/diamond_stwuqi_xueluowuti"},{"predicate":{"custom_model_data":43},"model":"randomrush:ia_auto_gen/diamond_stwuqi_xingguangdao"},{"predicate":{"custom_model_data":44},"model":"randomrush:ia_auto_gen/diamond_stwuqi_luming"},{"predicate":{"custom_model_data":45},"model":"randomrush:ia_auto_gen/diamond_stwuqi_liweitan"},{"predicate":{"custom_model_data":46},"model":"randomrush:ia_auto_gen/diamond_stwuqi_dashasifang"},{"predicate":{"custom_model_data":47},"model":"randomrush:ia_auto_gen/diamond_stwuqi_xueyue"},{"predicate":{"custom_model_data":48},"model":"randomrush:ia_auto_gen/diamond_stwuqi_xunhunlingjian"},{"predicate":{"custom_model_data":49},"model":"randomrush:ia_auto_gen/diamond_stwuqi_liuxingdao"},{"predicate":{"custom_model_data":50},"model":"randomrush:ia_auto_gen/diamond_stwuqi_yanyunjian"},{"predicate":{"custom_model_data":51},"model":"randomrush:ia_auto_gen/diamond_stwuqi_minglei"},{"predicate":{"custom_model_data":52},"model":"randomrush:ia_auto_gen/diamond_stwuqi_duohun"},{"predicate":{"custom_model_data":53},"model":"randomrush:ia_auto_gen/diamond_stwuqi_zixuanjian"},{"predicate":{"custom_model_data":54},"model":"randomrush:ia_auto_gen/diamond_stwuqi_qixue"},{"predicate":{"custom_model_data":55},"model":"randomrush:ia_auto_gen/diamond_stwuqi_caihongbang"},{"predicate":{"custom_model_data":56},"model":"randomrush:ia_auto_gen/halloween_axe4"},{"predicate":{"custom_model_data":57},"model":"randomrush:ia_auto_gen/halloween_sword0"},{"predicate":{"custom_model_data":58},"model":"randomrush:ia_auto_gen/halloween_sword1"},{"predicate":{"custom_model_data":59},"model":"randomrush:ia_auto_gen/halloween_sword4"},{"predicate":{"custom_model_data":60},"model":"randomrush:ia_auto_gen/new_year_sword0"},{"predicate":{"custom_model_data":61},"model":"randomrush:ia_auto_gen/diamond_2_sword_0"},{"predicate":{"custom_model_data":62},"model":"randomrush:ia_auto_gen/diamond_2_sword_1"},{"predicate":{"custom_model_data":63},"model":"randomrush:ia_auto_gen/diamond_2_sword_2"},{"predicate":{"custom_model_data":64},"model":"randomrush:ia_auto_gen/diamond_2_sword_3"},{"predicate":{"custom_model_data":65},"model":"randomrush:ia_auto_gen/diamond_2_sword_4"},{"predicate":{"custom_model_data":66},"model":"item/diamond_sword"}]}