{"parent":"minecraft:item/handheld","textures":{"layer0":"minecraft:item/stone_axe"},"overrides":[{"predicate":{"custom_model_data":1},"model":"randomrush:ia_auto_gen/stone_11_01"},{"predicate":{"custom_model_data":2},"model":"randomrush:ia_auto_gen/stone_11_02"},{"predicate":{"custom_model_data":3},"model":"randomrush:ia_auto_gen/stone_11_03"},{"predicate":{"custom_model_data":4},"model":"randomrush:ia_auto_gen/stone_11_04"},{"predicate":{"custom_model_data":5},"model":"randomrush:ia_auto_gen/stone_11_05"},{"predicate":{"custom_model_data":6},"model":"randomrush:ia_auto_gen/stone_11_06"},{"predicate":{"custom_model_data":7},"model":"randomrush:ia_auto_gen/stone_11_07"},{"predicate":{"custom_model_data":8},"model":"randomrush:ia_auto_gen/stone_11_08"},{"predicate":{"custom_model_data":9},"model":"randomrush:ia_auto_gen/stone_11_09"},{"predicate":{"custom_model_data":10},"model":"randomrush:ia_auto_gen/stone_11_10"},{"predicate":{"custom_model_data":11},"model":"randomrush:ia_auto_gen/stone_11_11"},{"predicate":{"custom_model_data":12},"model":"item/stone_axe"}]}