{"parent":"minecraft:item/generated","textures":{"layer0":"minecraft:item/paper"},"overrides":[{"predicate":{"custom_model_data":7},"model":"randomrush:item/christmas_tree"},{"predicate":{"custom_model_data":8},"model":"randomrush:item/star"},{"predicate":{"custom_model_data":9},"model":"randomrush:item/oreo"},{"predicate":{"custom_model_data":10},"model":"randomrush:item/42b"},{"predicate":{"custom_model_data":11},"model":"randomrush:item/pets_2/aggressive_eye_of_cthulhu_plushie_flying"},{"predicate":{"custom_model_data":12},"model":"randomrush:item/pets_2/cow_plushie_sitting"},{"predicate":{"custom_model_data":13},"model":"randomrush:item/pets_2/creeper_plushie"},{"predicate":{"custom_model_data":14},"model":"randomrush:item/pets_2/crewmate_plushie"},{"predicate":{"custom_model_data":15},"model":"randomrush:item/pets_2/ghast_plushie"},{"predicate":{"custom_model_data":16},"model":"randomrush:item/pets_2/isaac_plushie"},{"predicate":{"custom_model_data":17},"model":"randomrush:item/pets_2/pufferfish_plushie"},{"predicate":{"custom_model_data":18},"model":"randomrush:item/pets_2/sans_plushie"},{"predicate":{"custom_model_data":10000},"model":"_iainternal:ia_auto_gen/icon_left_blue"},{"predicate":{"custom_model_data":10001},"model":"_iainternal:ia_auto_gen/icon_right_blue"},{"predicate":{"custom_model_data":10002},"model":"_iainternal:ia_auto_gen/icon_search"},{"predicate":{"custom_model_data":10003},"model":"_iainternal:ia_auto_gen/icon_cancel"},{"predicate":{"custom_model_data":10004},"model":"_iainternal:ia_auto_gen/icon_arrow_chest"},{"predicate":{"custom_model_data":10005},"model":"_iainternal:ia_auto_gen/icon_back_orange"},{"predicate":{"custom_model_data":10006},"model":"_iainternal:ia_auto_gen/icon_next_orange"},{"predicate":{"custom_model_data":10007},"model":"item/paper"}]}