{"parent":"minecraft:item/generated","textures":{"layer0":"minecraft:item/totem_of_undying"},"overrides":[{"predicate":{"custom_model_data":10000},"model":"randomrush:ia_auto_gen/halloween_golden_bow_totem"},{"predicate":{"custom_model_data":10001},"model":"randomrush:ia_auto_gen/halloween_golden_crossbow_totem"},{"predicate":{"custom_model_data":10002},"model":"randomrush:ia_auto_gen/halloween_axe4_totem"},{"predicate":{"custom_model_data":10003},"model":"randomrush:ia_auto_gen/halloween_sword0_totem"},{"predicate":{"custom_model_data":10004},"model":"randomrush:ia_auto_gen/halloween_sword1_totem"},{"predicate":{"custom_model_data":10005},"model":"randomrush:ia_auto_gen/halloween_sword4_totem"},{"predicate":{"custom_model_data":10006},"model":"randomrush:ia_auto_gen/new_year_sword0_totem"},{"predicate":{"custom_model_data":10006},"model":"randomrush:ia_auto_gen/new_year_sword0_totem"},{"predicate":{"custom_model_data":10006},"model":"randomrush:ia_auto_gen/new_year_sword0_totem"},{"predicate":{"custom_model_data":10006},"model":"randomrush:ia_auto_gen/new_year_sword0_totem"},{"predicate":{"custom_model_data":10006},"model":"randomrush:ia_auto_gen/new_year_sword0_totem"},{"predicate":{"custom_model_data":10006},"model":"randomrush:ia_auto_gen/new_year_sword0_totem"},{"predicate":{"custom_model_data":10007},"model":"randomrush:ia_auto_gen/new_year_bow_totem"},{"predicate":{"custom_model_data":10008},"model":"randomrush:ia_auto_gen/new_year_crossbow_totem"},{"predicate":{"custom_model_data":10009},"model":"item/totem_of_undying"}]}